{"Banking": {"JPM": [[52.60363134604729, 50.19926569614217, 50.02832790564557, 50.472328111946716, 50.75192014411103, 50.77042894749525], 0.07132311531908186], "BAC": [[28.779383040817752, 27.36632238972492, 27.60692740536029, 28.097283363990837, 28.468344341552758, 28.579918552972217], 0.13790502556142348], "GS": [[66.54802980254425, 62.74243606152423, 61.84089960054107, 61.271934036678175, 60.26155268085661, 58.35606289102168], 0.1734780769900415], "V": [[55.99626622952988, 53.114328838544466, 52.23061217567288, 51.236591087933355, 51.62952855827507, 50.91756739149959], 0.06781692351386129], "WFC": [[25.89735340731794, 27.473198259079027, 26.726634998302245, 26.095442327401543, 26.177453676770533, 26.34960389955933], 0.12203520871430518], "C": [[25.138872732129247, 24.237621081238228, 24.336692627950804, 24.30503365803908, 24.426468538856827, 24.177222783671212], 0.2237036522134775], "MS": [[50.79238817363434, 47.52469623029752, 48.4935126679075, 48.32068656308535, 46.77135098936066, 45.02700833508228], 0.2420116178143123], "USB": [[27.215733803899298, 23.72009659956317, 25.233451942661596, 26.278761135124252, 28.34862878304656, 29.25011553049971], 0.09870099156376648], "AXP": [[24.48351227166381, 24.746541966149504, 24.992821778640984, 25.303586695078582, 25.26011672478367, 23.846586032136692], 0.22225305700393103], "PNC": [[19.85918132322429, 19.693183790626275, 19.39084157507335, 20.432024244751254, 21.210905363517153, 21.637707760291445], 0.127775775218487], "BK": [[35.1906041392342, 32.93174616549171, 33.172694069731946, 33.45642260611702, 33.89110233229718, 33.777536853300326], 0.1303730402097918], "SCHW": [[64.70054403144808, 60.127532868826265, 61.720782017825435, 63.3974336262342, 64.99582094761809, 65.38411047303978], 0.0863856006712721], "COF": [[8.368071328833308, 7.134333790056225, 6.974655947395474, 9.404437961031142, 11.372924952473282, 11.325844313575432], 0.17810782507331663], "AMTD": [[0.4044359762054341, 0.5844221995141399, 0.48369287867622424, 0.43958001753955045, 0.4272336243137852, 0.3280446922814377], 0.3065752853864268], "STT": [[50.390048159747415, 48.870529126663634, 48.8697974537608, 48.5008437996713, 47.50171546002902, 46.16481653710736], 0.12902150870216414], "TFC": [[13.55915072442841, 13.121756433607876, 15.919636164285702, 17.180442821712973, 18.378769476080475, 19.007901316524137], 0.09298562466957537], "FITB": [[12.630447372542006, 14.321079802332651, 14.427787677343687, 15.302561345962745, 16.428616831466247, 17.035867396557588], 0.1168045083763869], "KEY": [[24.67813460529336, 24.169538898789448, 24.71501774636229, 25.80255287962385, 26.947566031045373, 27.52532600932568], 0.06711097246469125]}, "Technology": {"AAPL": [[34.53022630227346, 34.332868237352926, 34.01360668242032, 33.91033071845576, 33.03573894217838, 30.03698397639112], 0.048433338670021066], "MSFT": [[38.378136173920964, 39.31847126731092, 37.18901258721326, 36.58835613913664, 35.84203084239996, 34.05678766849936], 0.01757524976556938], "AMZN": [[17.92982201283069, 16.364983514824576, 17.43090830895374, 17.77468194465232, 17.40919138900935, 16.242579802648635], 0.045702894864941564], "GOOGL": [[16.649050518064307, 16.60063280474588, 16.80766195009354, 17.100483463698538, 16.57330768389458, 15.582067475377206], 0.11572234339010175], "META": [[17.160008639166197, 17.336241677240167, 16.61295578903617, 16.97030986963017, 16.777692228128227, 16.453119164715137], 0.04567817597262801], "TSLA": [[28.233584919920983, 28.060472950979847, 25.769960214458454, 23.287955753051197, 20.858834367714298, 18.01328506090727], 0.07944984858291967], "INTC": [[15.676627399806776, 15.26960570890188, 15.233163866908995, 14.730813817198968, 14.389588124987032, 13.497918599795558], 0.15408456228553435], "CSCO": [[44.32084009016454, 45.23206930937137, 42.4973063555735, 43.381926769902165, 43.57583342985904, 43.00719059906883], 0.13213534599294424], "NVDA": [[40.94206822701657, 40.599308724592994, 38.954841299838165, 37.75547863584854, 35.29075235411116, 33.107484707715486], 0.05094800216506124], "ADBE": [[28.921193977272715, 28.334239782285874, 27.951654001206737, 28.819994745073128, 28.49514190358938, 27.323681979513786], 0.2756109520458478], "IBM": [[77.19724980094834, 74.12943252773398, 74.00799424539755, 73.69566972989941, 75.45258036644444, 73.42922066687028], 0.11351609383087445], "NFLX": [[36.8300639324054, 35.45218181178788, 35.76457115815419, 36.215106334409015, 35.33240691735822, 33.56676776578697], 0.16915557170528744], "CMCSA": [[40.317587494219445, 37.32908312547071, 37.90749026691285, 40.08141425709593, 41.36563010863059, 41.59344551864988], 0.13159719034579914], "PYPL": [[4.783945854086233, 5.882758256136897, 5.506276034419738, 5.601416751610446, 5.637389472038115, 5.444950509364935], 0.22407260643111326], "ORCL": [[78.14547259562673, 76.43898610087471, 74.23382869864794, 73.82459390921927, 73.90330164135268, 72.48039323011747], 0.15130269133130206], "SAP": [[52.96483095034511, 51.82046863989317, 50.91809296336361, 50.49031577182589, 50.0174855530477, 49.06421037262131], 0.05652025121866447], "CRM": [[10.268559503337045, 7.8029189880431336, 8.835724531156098, 9.081916471995031, 9.578659552660696, 9.474610118680314], 0.048567968642294956], "X": [[51.09406819117273, 46.48706473687947, 45.79946561759662, 46.460540670973295, 47.027706047648344, 45.029808344947966], 0.2835590620583201], "SNAP": [[5.022292095582849, 4.997744763419657, 5.1052457171876515, 5.35781200172774, 5.535827695709312, 5.5007140739173765], 0.07964827017343197], "ZM": [[10.113139146760526, 8.985361759548756, 8.193272133124745, 7.44396063606619, 6.7151710692987905, 5.765040708847727], 0.16358326583714322], "SQ": [[17.99291942948428, 15.518107890900183, 16.259557126804975, 15.98564395483413, 15.536697155617468, 14.711032055952542], 0.1944389107601086], "UBER": [[24.820775964607396, 25.055720853859135, 24.688921533376284, 24.29539549258606, 23.696973905820453, 23.38279456151421], 0.07600939453084506], "LYFT": [[4.236022428142444, 6.022188899452137, 5.202030599076572, 5.261026827367063, 4.966694782374896, 4.783946447019594], 0.03618275043939806], "ETSY": [[58.36816545258329, 52.34817602125915, 51.62808951730534, 51.559320612770286, 50.32957625510832, 47.59285805491884], 0.15736177443000884], "DBX": [[61.42224520355125, 57.3827110197964, 56.68845708022066, 55.17680371203111, 53.80565895722241, 50.79184688542296], 0.22100479041317278], "ZI": [[13.802081132207599, 14.262557352036463, 14.844588675248982, 15.99091074990966, 15.909381973582732, 15.47664610405806], 0.23857397975605066], "DOCU": [[19.699338813460496, 18.755868514680603, 18.023665109711523, 17.743357914519926, 17.12093583841826, 16.091935374278716], 0.1926138316240564], "PINS": [[48.673507354209704, 45.83462798839456, 45.93235636011164, 45.08004571373216, 41.91146094458111, 38.40931928352303], 0.06982099995614202], "OKTA": [[15.417193612154731, 15.011318483402624, 15.15183710590992, 15.490278029401434, 15.43898432300712, 15.20132266544545], 0.21502863161577368]}, "Health": {"JNJ": [[84.95521705469442, 83.27258274855745, 80.32351992653876, 81.81880216776958, 82.86755306391515, 81.38452137522397], 0.19366823568995495], "UNH": [[77.16187271509007, 75.46954009822603, 73.61026069657996, 75.69931320877411, 77.88386864313466, 77.22099273696986], 0.2210806653404442], "PFE": [[78.36177648618309, 76.20402167851256, 73.07602373242136, 73.42436744565413, 72.37754365241321, 70.45786933517928], 0.17371514306186125], "MRK": [[97.76733450263117, 98.47718707041348, 97.66403688954833, 98.88954708890303, 100.16646150692154, 100.2313540114974], 0.16257282436079412], "ABBV": [[82.26647156561503, 82.05670288204396, 82.32676538766874, 83.25221683333613, 83.767781598578, 83.0262981968956], 0.06942458217833779], "GILD": [[90.81616239019903, 92.85307179200282, 90.08353990360388, 88.61780960908968, 87.12850181293835, 86.18254083496261], 0.07726630532066733],