{"Banking": {"JPM": [[52.60363134604729, 50.38920093669482, 51.304487858861705, 51.983584799960255, 53.04652670709984, 54.16849581129571], 0.12307530337516036], "BAC": [[28.779383040817752, 27.453397893940927, 27.81918969078134, 28.093508808774722, 29.190875206700696, 30.882661143013152], 0.049249733320092914], "GS": [[66.54802980254425, 62.945605945356355, 62.89057912957909, 60.106177675071024, 59.240929287833445, 61.25453432421936], 0.120369627768479], "V": [[55.99626622952988, 53.12742545843084, 54.389730525406684, 55.14379555842534, 53.01268191271505, 58.04541299606591], 0.06339896580435349], "WFC": [[25.89735340731794, 23.961648398232427, 25.281437040997947, 25.545408615424353, 25.89735340731794, 26.821236610468734], 0.07518212331383273], "C": [[25.138872732129247, 22.204830915529215, 23.170892604153792, 23.636059332512826, 24.459022455216115, 26.391202951940734], 0.08678321654712247], "MS": [[50.79238817363434, 49.49031089998477, 48.8132274156461, 46.078869268533154, 44.51640543301146, 46.547614610516334], 0.05886896883148621], "USB": [[27.215733803899298, 27.760828283984267, 29.123619371583555, 30.8757502174345, 29.707652532126847, 32.46373641231594], 0.08231017910087927], "AXP": [[24.48351227166381, 21.737786810230954, 24.36076325405424, 23.394423513062403, 19.743709067697576, 24.820977063110597], 0.09485490352001893], "PNC": [[19.85918132322429, 20.3385298552301, 21.235768452704317, 22.391120820927416, 22.26822353569988, 24.689565300621872], 0.0617386755493117], "BK": [[35.1906041392342, 34.06578136216594, 34.70318983053017, 35.3405982988944, 34.62819275070007, 38.49010503958292], 0.04574134829804251], "SCHW": [[64.70054403144808, 63.499396930504744, 66.08857305375196, 67.28974086412806, 67.63674811970405, 68.46421421565734], 0.13454710372985462], "COF": [[8.368071328833308, 8.05972453603195, 9.6684440021844, 9.748866371187558, 8.34126038421573, 12.32279030842258], 0.1291569961839988], "AMTD": [[0.4044359762054341, 0.32379251303546097, 0.24314776806075108, 0.1625043048907779, 0.0012160967460948843, 0.0012160967460948843], 0.12322300816955192], "STT": [[50.390048159747415, 48.490239905173226, 47.694959963020544, 46.94389328306552, 46.259059187437444, 49.572696510083745], 0.10889323955670284], "TFC": [[13.55915072442841, 16.298217449763484, 16.710970661030906, 17.64901702885535, 16.560886902014612, 18.999786109317085], 0.1017399031355497], "FITB": [[12.630447372542006, 13.341755681639167, 14.764331582097517, 16.745788947048663, 16.339334327160277, 18.49498216659186], 0.08966729548052157], "KEY": [[24.67813460529336, 25.597133104837642, 26.516123076897195, 27.43513010392619, 26.34901848655053, 28.604725796597506], 0.05705171117925174]}, "Technology": {"AAPL": [[34.53022630227346, 29.593652783630308, 29.02639331586938, 26.220818414855994, 20.103736400291538, 25.576917521119938], 0.14109419462432685], "MSFT": [[38.378136173920964, 32.95360564871571, 33.42303128523511, 31.884343496268585, 29.77191474959361, 35.40506253483939], 0.08725375317276476], "AMZN": [[17.92982201283069, 14.9669682654141, 16.418568923320716, 14.221282528341751, 13.008299182356168, 15.354724241851128], 0.15206444782386536], "GOOGL": [[16.649050518064307, 14.052359190178034, 16.149688894483685, 13.524456396525943, 11.569799886776627, 15.036811852303575], 0.1919683946450115], "META": [[17.160008639166197, 16.140962304960834, 16.496083887645828, 16.048319587331054, 15.561958572118455, 17.353009883446994], 0.08920823842058859], "TSLA": [[28.233584919920983, 24.643008988835494, 23.996589154961413, 19.86831041080027, 20.929028243474228, 23.605797902560116], 0.20060159477333936], "INTC": [[15.676627399806776, 12.985352030311033, 13.36088109885467, 12.891475871325236, 11.639714345563167, 13.736410167398299], 0.16098657285133125], "CSCO": [[44.32084009016454, 42.883220004456255, 43.55972167849837, 43.771147153764176, 41.8261425004676, 43.64432179200893], 0.08236129867375534], "NVDA": [[40.94206822701657, 35.286035007143, 34.63865641290475, 29.357422499673376, 28.943675864942804, 31.703556940306044], 0.052942753344614235], "ADBE": [[28.921193977272715, 27.146044087403023, 27.85099661253617, 26.623730702163726, 24.15459666760978, 27.53321454117615], 0.12455445206278881], "IBM": [[77.19724980094834, 73.7889767176064, 75.87178860642743, 77.95455717102821, 71.46272603516525, 74.2758109806263], 0.23476679851006865], "NFLX": [[36.8300639324054, 36.7754973077284, 36.05050900256271, 33.24671548119266, 31.35239478126294, 35.052679643969206], 0.10053893072152865], "CMCSA": [[40.317587494219445, 39.317445953852555, 40.54837195966884, 40.009844664252434, 38.54814929767068, 40.202172604468885], 0.0915760337595602], "PYPL": [[4.783945854086233, 4.28571828517675, 4.643818979121625, 4.098884431670976, 3.4916699532713698, 5.834894446650257], 0.07081663862888973], "ORCL": [[78.14547259562673, 74.79260066618711, 75.98768576672508, 76.41925855959363, 74.26149744250567, 77.81350736901214], 0.0962665190712253], "SAP": [[52.96483095034511, 51.7346400423341, 51.01451041128562, 50.774467200936115, 48.47909836498903, 51.92966278727846], 0.09180754810151359], "CRM": [[10.268559503337045, 9.342288185102856, 9.550907736658958, 10.568972166902926, 8.7414628579711, 12.137782536078536], 0.15015074737157158], "X": [[51.09406819117273, 48.23648261680853, 47.80996800821647, 48.23648261680853, 43.24634859285345, 46.14658726763484], 0.0767080433959743], "SNAP": [[5.022292095582849, 5.131871114336863, 4.857922261166881, 4.803134058074816, 4.77573865024384, 5.488003578429888], 0.03744214759505012], "ZM": [[10.113139146760526, 6.730940168178104, 6.6885541127576476, 6.3240560246354445, 6.239290380998569, 8.477137002473073], 0.14305904725221402], "SQ": [[17.99291942948428, 16.091996361517378, 16.378566707799816, 15.394673849452232, 14.649590220329967, 18.317696483048632], 0.040272693122499134], "UBER": [[24.820775964607396, 21.85642010192562, 21.85642010192562, 20.86830409864768, 21.65056554606069, 22.9680535504313], 0.08470938098552919], "LYFT": [[4.236022428142444, 3.1663507462106164, 3.4759922662931895, 2.518915060274977, 3.222647984167421, 5.277549517887957], 0.055861642742021246], "ETSY": [[58.36816545258329, 52.65013337335463, 52.31426384041362, 47.72672814647008, 46.95668260142714, 48.824461955382795], 0.11730717110260999], "DBX": [[61.42224520355125, 54.422236213533914, 55.511119907568755, 51.31111451355839, 47.57778627550094, 53.33335251949911], 0.08936945191737039], "ZI": [[13.802081132207599, 12.8150856338983, 12.403831844517835, 11.718415834629266, 11.389419078295889, 16.105079343777913], 0.18666561653431699], "DOCU": [[19.699338813460496, 17.502920897312332, 17.183783128961657, 15.794592668639122, 16.123118842880313, 18.92026583342324], 0.04175964319623531], "PINS": [[48.673507354209704, 46.3530414012837, 45.30331458153824, 39.225902748832574, 36.07670121370685, 41.38061737014075], 0.07911640004303774], "OKTA": [[15.417193612154731, 15.34187216158986, 14.89575611709107, 13.690657110782366, 13.933993135054438, 15.666324614225541], 0.03624830174227179]}, "Health": {"JNJ": [[84.95521705469442, 82.88847656622193, 84.31932766827455, 84.16030533036557, 81.71193122743324, 84.57373341414647], 0.12062001347004941], "UNH": [[77.16187271509007, 76.765198643066, 80.48567155737359, 81.0852280592638, 77.96414833928263, 79.22493716625542], 0.09231422093126067], "PFE": [[78.36177648618309, 78.22849659106988, 79.49472203527093, 74.82963336755617, 72.63036892881196, 76.16251204743891], 0.08519587209962629], "MRK": [[97.76733450263117, 98.05471189074238, 99.42524522377758, 100.0, 97.70103253215895, 97.12626054358698], 0.26090278185154253], "ABBV": [[82.26647156561503, 84.63493853811893, 84.25506864432614, 84.0093184693148, 82.31109537048862, 83.04848778361443], 0.20576871717432108], "GILD": [[90.81616239019903, 90.84266429838955, 89.43756352108741, 90.12684213717644, 88.9603418074564, 90.7896396635417], 0.34130888807134807],