{"AA": 0.04755030913290731, "AAPL": 0.14109419462432685, "ABBV": 0.20576871717432108, "ADBE": 0.12455445206278881, "AMGN": 0.15474303951462595, "AMTD": 0.12322300816955192, "AMZN": 0.15206444782386536, "AXP": 0.09485490352001893, "AZN": 0.08570747802725537, "BAC": 0.049249733320092914, "BE": 0.07825781336216978, "BEP": 0.27478105678444487, "BHP": 0.20438026889218974, "BIIB": 0.2779485462172, "BK": 0.04574134829804251, "BLDP": 0.10539488594324273, "BMY": 0.08044938196360094, "C": 0.08678321654712247, "CLNE": 0.08901302262960342, "CMCSA": 0.0915760337595602, "COF": 0.1291569961839988, "CRM": 0.15015074737157158, "CRSP": 0.1992389293474329, "CSCO": 0.08236129867375534, "CSIQ": 0.04991010670924656, "DBX": 0.08936945191737039, "DOCU": 0.04175964319623531, "ENEL.MI": 0.058406406149767526, "ENPH": 0.29471066839807425, "ETSY": 0.11730717110260999, "FCX": 0.029357104942361968, "FITB": 0.08966729548052157, "FSLR": 0.3494759876887562, "GILD": 0.34130888807134807, "GOLD": 0.07192972624478093, "GOOGL": 0.1919683946450115, "GS": 0.120369627768479, "GSK": 0.21438698736975406, "Health": 0.12062001347004941, "IBE.MC": 0.11731396442968807, "IBM": 0.23476679851006865, "ILMN": 0.0454116290570627, "INTC": 0.16098657285133125, "JNJ": 0.12062001347004941, "JPM": 0.12307530337516036, "KEY": 0.05705171117925174, "LLY": 0.21611353597626265, "LYFT": 0.055861642742021246, "META": 0.08920823842058859, "MOS": 0.07427154979734113, "MRK": 0.26090278185154253, "MRNA": 0.3203656313259439, "MS": 0.05886896883148621, "MSFT": 0.08725375317276476, "NEE": 0.12782196388204908, "NEM": 0.1349945178796232, "NFLX": 0.10053893072152865, "NVDA": 0.052942753344614235, "NVO": 0.27762558723836, "NVS": 0.1615188740255528, "OKTA": 0.03624830174227179, "ORCL": 0.0962665190712253, "ORSTED.CO": 0.15258992538610522, "PFE": 0.08519587209962629, "PINS": 0.07911640004303774, "PLUG": 0.13100544179222015, "PNC": 0.0617386755493117, "PYPL": 0.07081663862888973, "REGN": 0.19415328184716954, "RHHBY": 0.07247994368085367, "RIO": 0.06685194225285501, "RIO.L": 0.19003762646862077, "SAP": 0.09180754810151359, "SCHW": 0.13454710372985462, "SEDG": 0.09371288489505988, "SNAP": 0.03744214759505012, "SNY": 0.08194332411573203, "SPWR": 0.12481511838417522, "SQ": 0.040272693122499134, "STT": 0.10889323955670284, "TEVA": 0.05385282427814771, "TFC": 0.1017399031355497, "TSLA": 0.20060159477333936, "UBER": 0.08470938098552919, "UNH": 0.09231422093126067, "USB": 0.08231017910087927, "V": 0.06339896580435349, "VALE": 0.11426304897016563, "VRTX": 0.09440358236275134, "VWS.CO": 0.11730847265432075, "WFC": 0.07518212331383273, "X": 0.0767080433959743, "ZI": 0.18666561653431699, "ZM": 0.14305904725221402}